Afisarea cartilor,25/05/2021 17:52:33
Cautare carte,25/05/2021 17:52:40
Afisarea cartilor,25/05/2021 17:53:25
Cautare carte,25/05/2021 17:53:31
Afisarea cartilor,25/05/2021 17:54:02
Cautare carte,25/05/2021 17:54:03
Afisarea cartilor,25/05/2021 17:54:44
Cautare carte,25/05/2021 17:54:48
Afisarea cartilor,25/05/2021 17:56:55
Cautare carte,25/05/2021 17:56:59
Afisarea cartilor,25/05/2021 17:57:27
Cautare carte,25/05/2021 17:57:28
Cautare carte,25/05/2021 17:58:41
Cautare carte,25/05/2021 17:59:07
Cautare carte,25/05/2021 18:02:08
Afisarea cartilor,25/05/2021 18:08:29
